season,round,circuitId,race_date,driver,finish_pos,fastest_lap,Q1,Q2,Q3
2024,1,bahrain,2024-03-02,albon,15,95.723,1:30.397,1:30.221,
2024,1,bahrain,2024-03-02,alonso,9,94.199,1:30.179,1:29.801,1:29.542
2024,1,bahrain,2024-03-02,bottas,19,96.202,1:30.756,,
2024,1,bahrain,2024-03-02,gasly,18,94.805,1:30.948,,
2024,1,bahrain,2024-03-02,hamilton,7,94.722,1:30.451,1:29.718,1:29.710
2024,1,bahrain,2024-03-02,hulkenberg,16,94.834,1:30.566,1:29.851,1:30.502
2024,1,bahrain,2024-03-02,kevin_magnussen,12,95.57,1:30.646,1:30.529,
2024,1,bahrain,2024-03-02,leclerc,4,94.09,1:30.243,1:29.165,1:29.407
2024,1,bahrain,2024-03-02,max_verstappen,1,92.608,1:30.031,1:29.374,1:29.179
2024,1,bahrain,2024-03-02,norris,6,94.476,1:30.143,1:29.941,1:29.614
2024,1,bahrain,2024-03-02,ocon,17,96.226,1:30.793,,
2024,1,bahrain,2024-03-02,perez,2,94.364,1:30.221,1:29.932,1:29.537
2024,1,bahrain,2024-03-02,piastri,8,94.983,1:30.531,1:30.122,1:29.683
2024,1,bahrain,2024-03-02,ricciardo,13,95.163,1:30.562,1:30.278,
2024,1,bahrain,2024-03-02,russell,5,95.065,1:30.350,1:29.922,1:29.485
2024,1,bahrain,2024-03-02,sainz,3,94.507,1:29.909,1:29.573,1:29.507
2024,1,bahrain,2024-03-02,sargeant,20,94.735,1:30.770,,
2024,1,bahrain,2024-03-02,stroll,10,95.632,1:29.965,1:30.200,
2024,1,bahrain,2024-03-02,tsunoda,14,95.833,1:30.481,1:30.129,
2024,1,bahrain,2024-03-02,zhou,11,95.458,1:30.757,,
2024,2,jeddah,2024-03-09,albon,11,92.307,1:29.107,1:28.980,
2024,2,jeddah,2024-03-09,alonso,5,92.387,1:28.706,1:28.122,1:27.846
2024,2,jeddah,2024-03-09,bearman,7,92.186,1:28.984,1:28.642,
2024,2,jeddah,2024-03-09,bottas,17,92.706,1:29.179,,
2024,2,jeddah,2024-03-09,hamilton,9,91.746,1:28.994,1:28.606,1:28.460
2024,2,jeddah,2024-03-09,hulkenberg,10,92.366,1:29.055,,
2024,2,jeddah,2024-03-09,kevin_magnussen,12,92.338,1:29.069,1:29.020,
2024,2,jeddah,2024-03-09,leclerc,3,91.632,1:28.318,1:28.112,1:27.791
2024,2,jeddah,2024-03-09,max_verstappen,1,91.773,1:28.171,1:28.033,1:27.472
2024,2,jeddah,2024-03-09,norris,8,91.944,1:28.805,1:28.479,1:28.132
2024,2,jeddah,2024-03-09,ocon,13,93.481,1:29.475,,
2024,2,jeddah,2024-03-09,perez,2,92.273,1:28.638,1:28.467,1:27.807
2024,2,jeddah,2024-03-09,piastri,4,92.31,1:28.755,1:28.343,1:28.089
2024,2,jeddah,2024-03-09,ricciardo,16,93.323,1:29.065,1:29.025,
2024,2,jeddah,2024-03-09,russell,6,92.254,1:28.749,1:28.448,1:28.316
2024,2,jeddah,2024-03-09,sargeant,14,93.026,1:29.526,,
2024,2,jeddah,2024-03-09,stroll,19,95.56,1:28.250,1:28.578,1:28.572
2024,2,jeddah,2024-03-09,tsunoda,15,93.523,1:28.988,1:28.564,1:28.547
2024,2,jeddah,2024-03-09,zhou,18,92.208,,,
2024,3,albert_park,2024-03-24,albon,11,81.618,,,
2024,3,albert_park,2024-03-24,alonso,8,80.493,,,
2024,3,albert_park,2024-03-24,bottas,14,81.422,,,
2024,3,albert_park,2024-03-24,gasly,13,81.09,,,
2024,3,albert_park,2024-03-24,hamilton,18,82.444,,,
2024,3,albert_park,2024-03-24,hulkenberg,9,81.145,,,
2024,3,albert_park,2024-03-24,kevin_magnussen,10,81.082,,,
2024,3,albert_park,2024-03-24,leclerc,2,79.813,,,
2024,3,albert_park,2024-03-24,max_verstappen,19,83.115,,,
2024,3,albert_park,2024-03-24,norris,3,79.91499999999999,,,
2024,3,albert_park,2024-03-24,ocon,16,81.354,,,
2024,3,albert_park,2024-03-24,perez,5,80.388,,,
2024,3,albert_park,2024-03-24,piastri,4,80.199,,,
2024,3,albert_park,2024-03-24,ricciardo,12,81.239,,,
2024,3,albert_park,2024-03-24,russell,17,80.28399999999999,,,
2024,3,albert_park,2024-03-24,sainz,1,80.031,,,
2024,3,albert_park,2024-03-24,stroll,6,80.93,,,
2024,3,albert_park,2024-03-24,tsunoda,7,81.134,,,
2024,3,albert_park,2024-03-24,zhou,15,81.327,,,
2024,4,suzuka,2024-04-07,alonso,6,94.726,1:29.254,1:29.082,1:28.686
2024,4,suzuka,2024-04-07,bottas,14,96.608,1:29.602,1:29.593,
2024,4,suzuka,2024-04-07,gasly,16,96.642,1:30.119,,
2024,4,suzuka,2024-04-07,hamilton,9,93.952,1:29.661,1:28.887,1:28.766
2024,4,suzuka,2024-04-07,hulkenberg,11,95.325,1:29.821,1:29.494,
2024,4,suzuka,2024-04-07,kevin_magnussen,13,96.654,1:30.131,,
2024,4,suzuka,2024-04-07,leclerc,4,95.044,1:29.338,1:29.196,1:28.786
2024,4,suzuka,2024-04-07,max_verstappen,1,93.706,1:28.866,1:28.740,1:28.197
2024,4,suzuka,2024-04-07,norris,5,95.186,1:29.536,1:28.940,1:28.489
2024,4,suzuka,2024-04-07,ocon,15,96.232,1:29.811,1:29.816,
2024,4,suzuka,2024-04-07,perez,2,93.945,1:29.303,1:28.752,1:28.263
2024,4,suzuka,2024-04-07,piastri,8,94.802,1:29.425,1:29.148,1:28.760
2024,4,suzuka,2024-04-07,russell,7,94.404,1:29.799,1:29.140,1:29.008
2024,4,suzuka,2024-04-07,sainz,3,93.841,1:29.513,1:29.099,1:28.682
2024,4,suzuka,2024-04-07,sargeant,17,94.9,1:30.139,,
2024,4,suzuka,2024-04-07,stroll,12,95.798,1:30.024,,
2024,4,suzuka,2024-04-07,tsunoda,10,96.342,1:29.775,1:29.417,1:29.413
2024,4,suzuka,2024-04-07,zhou,18,97.16,1:30.143,,
2024,5,shanghai,2024-04-21,albon,12,100.79,1:35.384,1:35.241,
2024,5,shanghai,2024-04-21,alonso,7,97.81,1:35.116,1:34.652,1:34.148
2024,5,shanghai,2024-04-21,bottas,20,101.276,1:35.169,1:34.769,1:34.665
2024,5,shanghai,2024-04-21,gasly,13,99.198,1:35.287,1:35.463,
2024,5,shanghai,2024-04-21,hamilton,9,100.835,1:35.573,,
2024,5,shanghai,2024-04-21,hulkenberg,10,100.815,1:35.068,1:34.667,1:34.604
2024,5,shanghai,2024-04-21,kevin_magnussen,16,101.077,1:35.516,,
2024,5,shanghai,2024-04-21,leclerc,4,99.384,1:34.797,1:34.399,1:34.289
2024,5,shanghai,2024-04-21,max_verstappen,1,98.406,1:34.742,1:33.794,1:33.660
2024,5,shanghai,2024-04-21,norris,2,98.751,1:34.842,1:34.460,1:34.165
2024,5,shanghai,2024-04-21,ocon,11,100.937,1:35.356,1:35.223,
2024,5,shanghai,2024-04-21,perez,3,99.388,1:35.457,1:34.026,1:33.982
2024,5,shanghai,2024-04-21,piastri,8,99.739,1:35.014,1:34.659,1:34.273
2024,5,shanghai,2024-04-21,ricciardo,18,100.994,1:35.443,1:34.934,
2024,5,shanghai,2024-04-21,russell,6,100.112,1:35.084,1:34.609,1:34.433
2024,5,shanghai,2024-04-21,sainz,5,99.764,1:34.970,1:34.368,1:34.297
2024,5,shanghai,2024-04-21,sargeant,17,101.0,1:36.358,,
2024,5,shanghai,2024-04-21,stroll,15,99.444,1:35.334,1:34.838,
2024,5,shanghai,2024-04-21,tsunoda,19,101.593,1:35.746,,
2024,5,shanghai,2024-04-21,zhou,14,98.633,1:35.505,,
2024,6,miami,2024-05-05 00:00:00,albon,18,90.849,,,
2024,6,miami,2024-05-05 00:00:00,alonso,9,91.727,,,
2024,6,miami,2024-05-05 00:00:00,bottas,16,92.098,,,
2024,6,miami,2024-05-05 00:00:00,gasly,12,92.055,,,
2024,6,miami,2024-05-05 00:00:00,hamilton,6,91.233,,,
2024,6,miami,2024-05-05 00:00:00,hulkenberg,11,91.941,,,
2024,6,miami,2024-05-05 00:00:00,kevin_magnussen,19,91.774,,,
2024,6,miami,2024-05-05 00:00:00,leclerc,3,91.084,,,
2024,6,miami,2024-05-05 00:00:00,max_verstappen,2,91.261,,,
2024,6,miami,2024-05-05 00:00:00,norris,1,90.98,,,
2024,6,miami,2024-05-05 00:00:00,ocon,10,92.037,,,
2024,6,miami,2024-05-05 00:00:00,perez,4,90.855,,,
2024,6,miami,2024-05-05 00:00:00,piastri,13,90.634,,,
2024,6,miami,2024-05-05 00:00:00,ricciardo,15,92.122,,,
2024,6,miami,2024-05-05 00:00:00,russell,8,91.921,,,
2024,6,miami,2024-05-05 00:00:00,sainz,5,90.928,,,
2024,6,miami,2024-05-05 00:00:00,sargeant,20,93.452,,,
2024,6,miami,2024-05-05 00:00:00,stroll,17,91.588,,,
2024,6,miami,2024-05-05 00:00:00,tsunoda,7,91.682,,,
2024,6,miami,2024-05-05 00:00:00,zhou,14,91.991,,,
2024,7,imola,2024-05-19,albon,20,81.274,1:16.524,1:16.200,
2024,7,imola,2024-05-19,alonso,19,79.004,1:16.917,,
2024,7,imola,2024-05-19,bottas,18,81.455,1:16.626,,
2024,7,imola,2024-05-19,gasly,16,81.371,1:16.015,1:16.381,
2024,7,imola,2024-05-19,hamilton,6,80.331,1:16.604,1:15.677,1:15.504
2024,7,imola,2024-05-19,hulkenberg,11,81.7,1:15.841,1:15.569,1:15.980
2024,7,imola,2024-05-19,kevin_magnussen,12,81.009,1:16.854,,
2024,7,imola,2024-05-19,leclerc,3,79.935,1:15.823,1:15.328,1:14.970
2024,7,imola,2024-05-19,max_verstappen,1,80.366,1:15.762,1:15.176,1:14.746
2024,7,imola,2024-05-19,norris,2,79.994,1:15.915,1:15.371,1:14.837
2024,7,imola,2024-05-19,ocon,14,81.304,1:16.361,1:15.906,
2024,7,imola,2024-05-19,perez,8,79.686,1:16.404,1:15.706,
2024,7,imola,2024-05-19,piastri,4,79.907,1:15.940,1:15.407,1:14.820
2024,7,imola,2024-05-19,ricciardo,13,81.569,1:16.060,1:15.691,1:15.674
2024,7,imola,2024-05-19,russell,7,78.589,1:16.107,1:15.671,1:15.234
2024,7,imola,2024-05-19,sainz,5,80.22,1:16.015,1:15.512,1:15.233
2024,7,imola,2024-05-19,sargeant,17,81.229,,,
2024,7,imola,2024-05-19,stroll,9,80.57,1:16.458,1:15.992,
2024,7,imola,2024-05-19,tsunoda,10,80.936,1:15.894,1:15.358,1:15.465
2024,7,imola,2024-05-19,zhou,15,81.01599999999999,1:16.834,,
2024,8,monaco,2024-05-26,albon,9,77.06,1:11.623,1:11.216,1:10.948
2024,8,monaco,2024-05-26,alonso,11,77.939,1:12.019,,
2024,8,monaco,2024-05-26,bottas,13,76.561,1:12.512,,
2024,8,monaco,2024-05-26,gasly,10,75.625,1:11.714,1:10.896,1:11.311
2024,8,monaco,2024-05-26,hamilton,7,74.16499999999999,1:11.528,1:11.056,1:10.621
2024,8,monaco,2024-05-26,leclerc,1,75.162,1:11.584,1:10.825,1:10.270
2024,8,monaco,2024-05-26,max_verstappen,6,74.569,1:11.711,1:10.745,1:10.567
2024,8,monaco,2024-05-26,norris,4,75.742,1:11.760,1:10.732,1:10.542
2024,8,monaco,2024-05-26,piastri,2,76.281,1:11.500,1:10.756,1:10.424
2024,8,monaco,2024-05-26,ricciardo,12,77.172,1:11.785,1:11.482,
2024,8,monaco,2024-05-26,russell,5,75.228,1:11.492,1:10.929,1:10.543
2024,8,monaco,2024-05-26,sainz,3,74.726,1:11.543,1:11.075,1:10.518
2024,8,monaco,2024-05-26,sargeant,15,75.525,1:12.020,,
2024,8,monaco,2024-05-26,stroll,14,76.71000000000001,1:11.728,1:11.563,
2024,8,monaco,2024-05-26,tsunoda,8,74.72,1:11.852,1:11.106,1:10.858
2024,8,monaco,2024-05-26,zhou,16,74.718,1:13.028,,
2024,9,villeneuve,2024-06-09,albon,17,79.35900000000001,,,
2024,9,villeneuve,2024-06-09,alonso,6,76.303,,,
2024,9,villeneuve,2024-06-09,bottas,13,77.25,,,
2024,9,villeneuve,2024-06-09,gasly,9,77.013,,,
2024,9,villeneuve,2024-06-09,hamilton,4,74.856,,,
2024,9,villeneuve,2024-06-09,hulkenberg,11,76.68299999999999,,,
2024,9,villeneuve,2024-06-09,kevin_magnussen,12,76.499,,,
2024,9,villeneuve,2024-06-09,leclerc,19,86.012,,,
2024,9,villeneuve,2024-06-09,max_verstappen,1,75.569,,,
2024,9,villeneuve,2024-06-09,norris,2,75.55799999999999,,,
2024,9,villeneuve,2024-06-09,ocon,10,77.012,,,
2024,9,villeneuve,2024-06-09,perez,18,78.819,,,
2024,9,villeneuve,2024-06-09,piastri,5,76.247,,,
2024,9,villeneuve,2024-06-09,ricciardo,8,77.076,,,
2024,9,villeneuve,2024-06-09,russell,3,74.895,,,
2024,9,villeneuve,2024-06-09,sainz,16,78.957,,,
2024,9,villeneuve,2024-06-09,sargeant,20,86.48400000000001,,,
2024,9,villeneuve,2024-06-09,stroll,7,76.762,,,
2024,9,villeneuve,2024-06-09,tsunoda,14,77.309,,,
2024,9,villeneuve,2024-06-09,zhou,15,77.325,,,
2024,10,catalunya,2024-06-23,albon,18,79.132,,,
2024,10,catalunya,2024-06-23,alonso,12,78.334,,,
2024,10,catalunya,2024-06-23,bottas,16,79.608,,,
2024,10,catalunya,2024-06-23,gasly,9,79.045,,,
2024,10,catalunya,2024-06-23,hamilton,3,77.809,,,
2024,10,catalunya,2024-06-23,hulkenberg,11,78.60900000000001,,,
2024,10,catalunya,2024-06-23,kevin_magnussen,17,79.805,,,
2024,10,catalunya,2024-06-23,leclerc,5,77.89699999999999,,,
2024,10,catalunya,2024-06-23,max_verstappen,1,77.776,,,
2024,10,catalunya,2024-06-23,norris,2,77.115,,,
2024,10,catalunya,2024-06-23,ocon,10,78.982,,,
2024,10,catalunya,2024-06-23,perez,8,77.785,,,
2024,10,catalunya,2024-06-23,piastri,7,77.874,,,
2024,10,catalunya,2024-06-23,ricciardo,15,79.45,,,
2024,10,catalunya,2024-06-23,russell,4,78.28999999999999,,,
2024,10,catalunya,2024-06-23,sainz,6,78.539,,,
2024,10,catalunya,2024-06-23,sargeant,20,80.172,,,
2024,10,catalunya,2024-06-23,stroll,14,79.318,,,
2024,10,catalunya,2024-06-23,tsunoda,19,79.447,,,
2024,10,catalunya,2024-06-23,zhou,13,78.771,,,
2024,11,red_bull_ring,2024-06-30,albon,15,70.364,1:05.736,,
2024,11,red_bull_ring,2024-06-30,alonso,18,67.694,1:05.656,1:05.639,
2024,11,red_bull_ring,2024-06-30,bottas,16,70.449,1:05.847,,
2024,11,red_bull_ring,2024-06-30,gasly,10,69.609,1:05.598,1:05.359,
2024,11,red_bull_ring,2024-06-30,hamilton,4,69.562,1:05.541,1:05.053,1:04.903
2024,11,red_bull_ring,2024-06-30,hulkenberg,6,70.215,1:05.596,1:05.262,1:05.385
2024,11,red_bull_ring,2024-06-30,kevin_magnussen,8,70.125,1:05.508,1:05.347,
2024,11,red_bull_ring,2024-06-30,leclerc,11,69.584,1:05.509,1:05.104,1:05.044
2024,11,red_bull_ring,2024-06-30,max_verstappen,5,67.719,1:05.336,1:04.469,1:04.314
2024,11,red_bull_ring,2024-06-30,norris,20,68.016,1:05.450,1:05.103,1:04.718
2024,11,red_bull_ring,2024-06-30,ocon,12,69.649,1:05.574,1:05.274,1:05.883
2024,11,red_bull_ring,2024-06-30,perez,7,69.694,1:05.587,1:05.144,1:05.202
2024,11,red_bull_ring,2024-06-30,piastri,2,68.697,1:05.311,1:05.070,1:05.048
2024,11,red_bull_ring,2024-06-30,ricciardo,9,70.426,1:05.569,1:05.289,
2024,11,red_bull_ring,2024-06-30,russell,1,69.164,1:05.585,1:05.016,1:04.840
2024,11,red_bull_ring,2024-06-30,sainz,3,69.282,1:05.263,1:05.016,1:04.851
2024,11,red_bull_ring,2024-06-30,sargeant,19,70.406,1:05.856,,
2024,11,red_bull_ring,2024-06-30,stroll,13,70.143,1:05.819,,
2024,11,red_bull_ring,2024-06-30,tsunoda,14,70.318,1:05.563,1:05.412,
2024,11,red_bull_ring,2024-06-30,zhou,17,70.47,1:06.061,,
2024,12,silverstone,2024-07-07 00:00:00,albon,9,89.718,,,
2024,12,silverstone,2024-07-07 00:00:00,alonso,8,89.71000000000001,,,
2024,12,silverstone,2024-07-07 00:00:00,bottas,15,91.277,,,
2024,12,silverstone,2024-07-07 00:00:00,hamilton,1,89.438,,,
2024,12,silverstone,2024-07-07 00:00:00,hulkenberg,6,89.836,,,
2024,12,silverstone,2024-07-07 00:00:00,kevin_magnussen,12,90.093,,,
2024,12,silverstone,2024-07-07 00:00:00,leclerc,14,89.748,,,
2024,12,silverstone,2024-07-07 00:00:00,max_verstappen,2,88.952,,,
2024,12,silverstone,2024-07-07 00:00:00,norris,3,89.262,,,
2024,12,silverstone,2024-07-07 00:00:00,ocon,16,90.875,,,
2024,12,silverstone,2024-07-07 00:00:00,perez,17,89.707,,,
2024,12,silverstone,2024-07-07 00:00:00,piastri,4,88.748,,,
2024,12,silverstone,2024-07-07 00:00:00,ricciardo,13,90.735,,,
2024,12,silverstone,2024-07-07 00:00:00,russell,19,91.298,,,
2024,12,silverstone,2024-07-07 00:00:00,sainz,5,88.293,,,
2024,12,silverstone,2024-07-07 00:00:00,sargeant,11,89.97200000000001,,,
2024,12,silverstone,2024-07-07 00:00:00,stroll,7,89.89699999999999,,,
2024,12,silverstone,2024-07-07 00:00:00,tsunoda,10,90.229,,,
2024,12,silverstone,2024-07-07 00:00:00,zhou,18,91.014,,,
2024,13,hungaroring,2024-07-21,albon,14,83.93,1:17.280,1:16.429,
2024,13,hungaroring,2024-07-21,alonso,11,83.063,1:17.624,1:16.117,1:16.043
2024,13,hungaroring,2024-07-21,bottas,16,82.792,1:17.487,1:16.384,
2024,13,hungaroring,2024-07-21,gasly,20,83.34,1:18.166,,
2024,13,hungaroring,2024-07-21,hamilton,3,82.15299999999999,1:17.087,1:16.307,1:15.854
2024,13,hungaroring,2024-07-21,hulkenberg,13,83.461,1:17.362,1:16.317,
2024,13,hungaroring,2024-07-21,kevin_magnussen,15,83.553,1:17.851,1:16.548,
2024,13,hungaroring,2024-07-21,leclerc,4,82.182,1:17.437,1:15.891,1:15.905
2024,13,hungaroring,2024-07-21,max_verstappen,5,80.908,1:17.087,1:15.770,1:15.273
2024,13,hungaroring,2024-07-21,norris,2,81.712,1:17.755,1:15.540,1:15.227
2024,13,hungaroring,2024-07-21,ocon,18,81.61,1:18.049,,
2024,13,hungaroring,2024-07-21,perez,7,81.096,1:17.886,,
2024,13,hungaroring,2024-07-21,piastri,1,81.71600000000001,1:17.504,1:15.785,1:15.249
2024,13,hungaroring,2024-07-21,ricciardo,12,82.64,1:17.050,1:16.202,1:16.447
2024,13,hungaroring,2024-07-21,russell,8,80.305,1:17.968,,
2024,13,hungaroring,2024-07-21,sainz,6,81.441,1:17.244,1:15.885,1:15.696
2024,13,hungaroring,2024-07-21,sargeant,17,80.561,1:17.770,1:16.543,
2024,13,hungaroring,2024-07-21,stroll,10,82.338,1:17.405,1:16.075,1:16.244
2024,13,hungaroring,2024-07-21,tsunoda,9,83.533,1:17.436,1:16.121,1:16.477
2024,13,hungaroring,2024-07-21,zhou,19,83.487,1:18.037,,
2024,14,spa,2024-07-28,albon,12,107.996,1:55.722,1:54.473,
2024,14,spa,2024-07-28,alonso,8,108.051,,,
2024,14,spa,2024-07-28,bottas,15,107.019,,,
2024,14,spa,2024-07-28,gasly,13,107.418,,,
2024,14,spa,2024-07-28,hamilton,1,106.653,,,
2024,14,spa,2024-07-28,hulkenberg,18,108.954,1:56.308,,
2024,14,spa,2024-07-28,kevin_magnussen,14,107.848,,,
2024,14,spa,2024-07-28,leclerc,3,107.013,,,
2024,14,spa,2024-07-28,max_verstappen,4,106.128,,,
2024,14,spa,2024-07-28,norris,5,105.563,,,
2024,14,spa,2024-07-28,ocon,9,106.957,,,
2024,14,spa,2024-07-28,perez,7,104.701,,,
2024,14,spa,2024-07-28,piastri,2,105.84,,,
2024,14,spa,2024-07-28,ricciardo,10,107.435,,,
2024,14,spa,2024-07-28,russell,20,107.113,,,
2024,14,spa,2024-07-28,sainz,6,106.364,,,
2024,14,spa,2024-07-28,sargeant,17,107.49,1:57.230,,
2024,14,spa,2024-07-28,stroll,11,108.105,,,
2024,14,spa,2024-07-28,tsunoda,16,107.969,,,
2024,14,spa,2024-07-28,zhou,19,112.099,,,
2024,15,zandvoort,2024-08-25,albon,14,74.434,,,
2024,15,zandvoort,2024-08-25,alonso,10,74.758,,,
2024,15,zandvoort,2024-08-25,bottas,19,75.822,,,
2024,15,zandvoort,2024-08-25,gasly,9,74.855,,,
2024,15,zandvoort,2024-08-25,hamilton,8,73.878,,,
2024,15,zandvoort,2024-08-25,hulkenberg,11,75.657,,,
2024,15,zandvoort,2024-08-25,kevin_magnussen,18,74.95400000000001,,,
2024,15,zandvoort,2024-08-25,leclerc,3,74.58500000000001,,,
2024,15,zandvoort,2024-08-25,max_verstappen,2,74.752,,,
2024,15,zandvoort,2024-08-25,norris,1,73.81700000000001,,,
2024,15,zandvoort,2024-08-25,ocon,15,75.39,,,
2024,15,zandvoort,2024-08-25,perez,6,74.587,,,
2024,15,zandvoort,2024-08-25,piastri,4,74.237,,,
2024,15,zandvoort,2024-08-25,ricciardo,12,75.222,,,
2024,15,zandvoort,2024-08-25,russell,7,73.92699999999999,,,
2024,15,zandvoort,2024-08-25,sainz,5,74.117,,,
2024,15,zandvoort,2024-08-25,sargeant,16,75.539,,,
2024,15,zandvoort,2024-08-25,stroll,13,75.255,,,
2024,15,zandvoort,2024-08-25,tsunoda,17,75.55199999999999,,,
2024,15,zandvoort,2024-08-25,zhou,20,75.724,,,
2024,16,monza,2024-09-01 00:00:00,albon,9,83.918,,,
2024,16,monza,2024-09-01 00:00:00,alonso,11,82.944,,,
2024,16,monza,2024-09-01 00:00:00,bottas,16,83.60900000000001,,,
2024,16,monza,2024-09-01 00:00:00,colapinto,12,83.72800000000001,,,
2024,16,monza,2024-09-01 00:00:00,gasly,15,83.755,,,
2024,16,monza,2024-09-01 00:00:00,hamilton,5,81.512,,,
2024,16,monza,2024-09-01 00:00:00,hulkenberg,17,83.275,,,
2024,16,monza,2024-09-01 00:00:00,kevin_magnussen,10,83.437,,,
2024,16,monza,2024-09-01 00:00:00,leclerc,1,83.226,,,
2024,16,monza,2024-09-01 00:00:00,max_verstappen,6,81.745,,,
2024,16,monza,2024-09-01 00:00:00,norris,3,81.432,,,
2024,16,monza,2024-09-01 00:00:00,ocon,14,84.343,,,
2024,16,monza,2024-09-01 00:00:00,perez,8,82.971,,,
2024,16,monza,2024-09-01 00:00:00,piastri,2,81.943,,,
2024,16,monza,2024-09-01 00:00:00,ricciardo,13,84.219,,,
2024,16,monza,2024-09-01 00:00:00,russell,7,82.036,,,
2024,16,monza,2024-09-01 00:00:00,sainz,4,83.219,,,
2024,16,monza,2024-09-01 00:00:00,stroll,19,82.232,,,
2024,16,monza,2024-09-01 00:00:00,tsunoda,20,86.19800000000001,,,
2024,16,monza,2024-09-01 00:00:00,zhou,18,85.092,,,
2024,17,baku,2024-09-15,albon,7,106.947,1:42.899,1:42.840,1:42.859
2024,17,baku,2024-09-15,alonso,6,107.057,1:43.472,1:42.426,1:42.369
2024,17,baku,2024-09-15,bearman,10,107.048,1:43.471,1:42.968,
2024,17,baku,2024-09-15,bottas,16,108.418,1:43.618,,
2024,17,baku,2024-09-15,colapinto,8,107.274,1:43.138,1:42.473,1:42.530
2024,17,baku,2024-09-15,gasly,12,108.018,,1:43.179,
2024,17,baku,2024-09-15,hamilton,9,107.236,1:43.089,1:42.765,1:42.289
2024,17,baku,2024-09-15,hulkenberg,11,107.691,1:43.101,1:43.191,
2024,17,baku,2024-09-15,leclerc,2,107.067,1:42.775,1:42.056,1:41.365
2024,17,baku,2024-09-15,max_verstappen,5,106.798,1:43.097,1:42.042,1:42.023
2024,17,baku,2024-09-15,norris,4,105.255,1:43.609,,
2024,17,baku,2024-09-15,ocon,15,108.831,1:44.504,,
2024,17,baku,2024-09-15,perez,17,107.013,1:43.213,1:42.263,1:41.813
2024,17,baku,2024-09-15,piastri,1,107.06,1:43.033,1:42.598,1:41.686
2024,17,baku,2024-09-15,ricciardo,13,108.38,1:43.547,,
2024,17,baku,2024-09-15,russell,3,106.628,1:43.139,1:42.329,1:41.874
2024,17,baku,2024-09-15,sainz,18,106.866,1:43.357,1:42.503,1:41.805
2024,17,baku,2024-09-15,stroll,19,108.148,1:43.370,1:43.404,
2024,17,baku,2024-09-15,tsunoda,20,110.887,1:43.337,1:43.035,
2024,17,baku,2024-09-15,zhou,14,107.644,1:44.246,,
2024,18,marina_bay,2024-09-22,albon,20,96.888,,,
2024,18,marina_bay,2024-09-22,alonso,8,97.741,,,
2024,18,marina_bay,2024-09-22,bottas,16,97.524,,,
2024,18,marina_bay,2024-09-22,colapinto,11,97.262,,,
2024,18,marina_bay,2024-09-22,gasly,17,96.927,,,
2024,18,marina_bay,2024-09-22,hamilton,6,97.393,,,
2024,18,marina_bay,2024-09-22,hulkenberg,9,97.47,,,
2024,18,marina_bay,2024-09-22,kevin_magnussen,19,97.425,,,
2024,18,marina_bay,2024-09-22,leclerc,5,95.371,,,
2024,18,marina_bay,2024-09-22,max_verstappen,2,95.967,,,
2024,18,marina_bay,2024-09-22,norris,1,94.925,,,
2024,18,marina_bay,2024-09-22,ocon,13,97.964,,,
2024,18,marina_bay,2024-09-22,perez,10,97.477,,,
2024,18,marina_bay,2024-09-22,piastri,3,95.745,,,
2024,18,marina_bay,2024-09-22,ricciardo,18,94.486,,,
2024,18,marina_bay,2024-09-22,russell,4,97.047,,,
2024,18,marina_bay,2024-09-22,sainz,7,96.561,,,
2024,18,marina_bay,2024-09-22,stroll,14,97.851,,,
2024,18,marina_bay,2024-09-22,tsunoda,12,96.393,,,
2024,18,marina_bay,2024-09-22,zhou,15,97.461,,,
2024,19,americas,2024-10-20,albon,16,99.084,1:34.051,,
2024,19,americas,2024-10-20,alonso,13,99.261,1:33.973,1:33.429,1:33.309
2024,19,americas,2024-10-20,bottas,17,100.575,1:34.152,,
2024,19,americas,2024-10-20,colapinto,10,97.611,1:34.062,,
2024,19,americas,2024-10-20,gasly,12,98.311,1:33.550,1:33.162,1:33.018
2024,19,americas,2024-10-20,hulkenberg,8,98.404,1:33.601,1:33.544,
2024,19,americas,2024-10-20,kevin_magnussen,11,98.21,1:33.564,1:33.474,1:33.481
2024,19,americas,2024-10-20,lawson,9,98.091,1:33.339,,
2024,19,americas,2024-10-20,leclerc,1,97.834,1:33.241,1:32.962,1:32.740
2024,19,americas,2024-10-20,max_verstappen,3,98.117,1:33.046,1:32.584,1:32.361
2024,19,americas,2024-10-20,norris,4,97.679,1:33.616,1:32.851,1:32.330
2024,19,americas,2024-10-20,ocon,18,97.33,1:33.986,1:33.597,
2024,19,americas,2024-10-20,perez,7,98.514,1:33.611,1:33.020,
2024,19,americas,2024-10-20,piastri,5,97.883,1:33.864,1:33.057,1:32.950
2024,19,americas,2024-10-20,russell,6,97.656,1:33.536,1:33.142,1:32.974
2024,19,americas,2024-10-20,sainz,2,97.763,1:33.556,1:32.836,1:32.652
2024,19,americas,2024-10-20,stroll,15,99.214,1:34.033,1:33.759,
2024,19,americas,2024-10-20,tsunoda,14,99.193,1:33.795,1:33.506,
2024,19,americas,2024-10-20,zhou,19,99.272,1:34.228,,
2024,20,rodriguez,2024-10-27,alonso,18,82.72200000000001,,,
2024,20,rodriguez,2024-10-27,bottas,14,81.08500000000001,,,
2024,20,rodriguez,2024-10-27,colapinto,12,80.09,,,
2024,20,rodriguez,2024-10-27,gasly,10,81.274,,,
2024,20,rodriguez,2024-10-27,hamilton,4,80.371,,,
2024,20,rodriguez,2024-10-27,hulkenberg,9,80.748,,,
2024,20,rodriguez,2024-10-27,kevin_magnussen,7,80.637,,,
2024,20,rodriguez,2024-10-27,lawson,16,79.502,,,
2024,20,rodriguez,2024-10-27,leclerc,3,78.336,,,
2024,20,rodriguez,2024-10-27,max_verstappen,6,80.872,,,
2024,20,rodriguez,2024-10-27,norris,2,79.691,,,
2024,20,rodriguez,2024-10-27,ocon,13,80.65899999999999,,,
2024,20,rodriguez,2024-10-27,perez,17,79.209,,,
2024,20,rodriguez,2024-10-27,piastri,8,80.064,,,
2024,20,rodriguez,2024-10-27,russell,5,80.731,,,
2024,20,rodriguez,2024-10-27,sainz,1,80.137,,,
2024,20,rodriguez,2024-10-27,stroll,11,81.311,,,
2024,20,rodriguez,2024-10-27,zhou,15,81.553,,,
2024,21,interlagos,2024-11-03 00:00:00,alonso,14,82.293,,,
2024,21,interlagos,2024-11-03 00:00:00,bearman,12,82.494,,,
2024,21,interlagos,2024-11-03 00:00:00,bottas,13,82.877,,,
2024,21,interlagos,2024-11-03 00:00:00,colapinto,17,84.29599999999999,,,
2024,21,interlagos,2024-11-03 00:00:00,gasly,3,81.645,,,
2024,21,interlagos,2024-11-03 00:00:00,hamilton,10,82.041,,,
2024,21,interlagos,2024-11-03 00:00:00,lawson,9,82.123,,,
2024,21,interlagos,2024-11-03 00:00:00,leclerc,5,81.631,,,
2024,21,interlagos,2024-11-03 00:00:00,max_verstappen,1,80.47200000000001,,,
2024,21,interlagos,2024-11-03 00:00:00,norris,6,81.517,,,
2024,21,interlagos,2024-11-03 00:00:00,ocon,2,81.771,,,
2024,21,interlagos,2024-11-03 00:00:00,perez,11,82.143,,,
2024,21,interlagos,2024-11-03 00:00:00,piastri,8,81.532,,,
2024,21,interlagos,2024-11-03 00:00:00,russell,4,81.645,,,
2024,21,interlagos,2024-11-03 00:00:00,sainz,16,84.201,,,
2024,21,interlagos,2024-11-03 00:00:00,tsunoda,7,81.828,,,
2024,21,interlagos,2024-11-03 00:00:00,zhou,15,83.05799999999999,,,
2024,22,vegas,2024-11-23,albon,19,98.008,1:34.425,,
2024,22,vegas,2024-11-23,alonso,11,96.553,1:34.258,,
2024,22,vegas,2024-11-23,bottas,18,96.601,1:34.430,,
2024,22,vegas,2024-11-23,colapinto,14,96.867,1:33.746,1:33.749,
2024,22,vegas,2024-11-23,gasly,20,98.314,1:33.691,1:32.879,1:32.664
2024,22,vegas,2024-11-23,hamilton,2,95.48,1:33.225,1:32.567,1:48.106
2024,22,vegas,2024-11-23,hulkenberg,8,96.585,1:33.920,1:33.114,1:33.062
2024,22,vegas,2024-11-23,kevin_magnussen,12,96.557,1:33.991,1:33.297,
2024,22,vegas,2024-11-23,lawson,16,96.98,1:34.087,1:34.257,
2024,22,vegas,2024-11-23,leclerc,4,95.674,1:33.446,1:33.016,1:32.783
2024,22,vegas,2024-11-23,max_verstappen,5,96.248,1:33.299,1:33.085,1:32.797
2024,22,vegas,2024-11-23,norris,6,94.876,1:33.592,1:33.099,1:33.008
2024,22,vegas,2024-11-23,ocon,17,96.511,1:33.968,1:33.221,
2024,22,vegas,2024-11-23,perez,10,96.326,1:34.155,,
2024,22,vegas,2024-11-23,piastri,7,96.598,1:33.450,1:33.024,1:33.033
2024,22,vegas,2024-11-23,russell,1,95.717,1:33.186,1:32.779,1:32.312
2024,22,vegas,2024-11-23,sainz,3,95.875,1:33.484,1:32.711,1:32.410
2024,22,vegas,2024-11-23,stroll,15,97.179,1:34.484,,
2024,22,vegas,2024-11-23,tsunoda,9,96.957,1:33.789,1:33.089,1:33.029
2024,22,vegas,2024-11-23,zhou,13,96.324,1:34.079,1:33.566,
2024,23,losail,2024-12-01,albon,15,85.559,,,
2024,23,losail,2024-12-01,alonso,7,83.667,,,
2024,23,losail,2024-12-01,bottas,11,85.533,,,
2024,23,losail,2024-12-01,gasly,5,83.705,,,
2024,23,losail,2024-12-01,hamilton,12,83.865,,,
2024,23,losail,2024-12-01,hulkenberg,16,85.767,,,
2024,23,losail,2024-12-01,kevin_magnussen,9,84.259,,,
2024,23,losail,2024-12-01,lawson,14,86.076,,,
2024,23,losail,2024-12-01,leclerc,2,83.242,,,
2024,23,losail,2024-12-01,max_verstappen,1,82.905,,,
2024,23,losail,2024-12-01,norris,10,82.384,,,
2024,23,losail,2024-12-01,perez,17,85.288,,,
2024,23,losail,2024-12-01,piastri,3,83.218,,,
2024,23,losail,2024-12-01,russell,4,83.355,,,
2024,23,losail,2024-12-01,sainz,6,83.465,,,
2024,23,losail,2024-12-01,stroll,18,90.935,,,
2024,23,losail,2024-12-01,tsunoda,13,86.144,,,
2024,23,losail,2024-12-01,zhou,8,83.889,,,
2024,24,yas_marina,2024-12-08,albon,11,89.438,1:23.821,,
2024,24,yas_marina,2024-12-08,alonso,9,87.94800000000001,1:23.794,1:23.268,1:23.196
2024,24,yas_marina,2024-12-08,bottas,18,89.482,1:23.481,1:23.341,1:23.204
2024,24,yas_marina,2024-12-08,colapinto,19,89.411,1:23.912,,
2024,24,yas_marina,2024-12-08,doohan,15,89.121,1:24.105,,
2024,24,yas_marina,2024-12-08,gasly,7,89.251,1:23.548,1:23.086,1:22.984
2024,24,yas_marina,2024-12-08,hamilton,4,87.27799999999999,1:23.887,,
2024,24,yas_marina,2024-12-08,hulkenberg,8,89.152,1:23.722,1:23.040,1:22.886
2024,24,yas_marina,2024-12-08,kevin_magnussen,16,85.637,1:23.632,1:23.877,
2024,24,yas_marina,2024-12-08,lawson,17,88.751,1:23.733,1:23.472,
2024,24,yas_marina,2024-12-08,leclerc,3,88.018,1:23.302,1:23.833,
2024,24,yas_marina,2024-12-08,max_verstappen,6,87.765,1:23.516,1:22.998,1:22.945
2024,24,yas_marina,2024-12-08,norris,1,87.438,1:23.682,1:23.098,1:22.595
2024,24,yas_marina,2024-12-08,piastri,10,87.69,1:23.640,1:23.199,1:22.804
2024,24,yas_marina,2024-12-08,russell,5,88.195,1:23.678,1:23.283,1:23.132
2024,24,yas_marina,2024-12-08,sainz,2,87.765,1:23.487,1:22.985,1:22.824
2024,24,yas_marina,2024-12-08,stroll,14,88.604,1:23.729,1:23.784,
2024,24,yas_marina,2024-12-08,tsunoda,12,89.2,1:23.735,1:23.419,
2024,24,yas_marina,2024-12-08,zhou,13,87.982,1:23.880,,
2025,1,albert_park,2025-03-16,albon,5,84.59700000000001,1:16.245,1:16.017,1:15.737
2025,1,albert_park,2025-03-16,alonso,17,88.819,1:16.288,1:16.453,
2025,1,albert_park,2025-03-16,antonelli,4,84.901,1:16.525,,
2025,1,albert_park,2025-03-16,bearman,14,87.60300000000001,,,
2025,1,albert_park,2025-03-16,bortoleto,16,84.19200000000001,1:16.516,1:17.520,
2025,1,albert_park,2025-03-16,gasly,11,85.02,1:16.328,1:16.112,1:15.980
2025,1,albert_park,2025-03-16,hamilton,10,84.218,1:16.213,1:15.919,1:15.973
2025,1,albert_park,2025-03-16,hulkenberg,7,85.243,1:16.579,,
2025,1,albert_park,2025-03-16,lawson,15,82.97,1:17.094,,
2025,1,albert_park,2025-03-16,leclerc,8,85.271,1:16.029,1:15.827,1:15.755
2025,1,albert_park,2025-03-16,max_verstappen,2,83.081,1:16.018,1:15.565,1:15.481
2025,1,albert_park,2025-03-16,norris,1,82.167,1:15.912,1:15.415,1:15.096
2025,1,albert_park,2025-03-16,ocon,13,86.764,1:17.147,,
2025,1,albert_park,2025-03-16,piastri,9,83.242,1:16.062,1:15.468,1:15.180
2025,1,albert_park,2025-03-16,russell,3,85.065,1:15.971,1:15.798,1:15.546
2025,1,albert_park,2025-03-16,stroll,6,85.538,1:16.369,1:16.483,
2025,1,albert_park,2025-03-16,tsunoda,12,84.194,1:16.225,1:16.009,1:15.670
2025,2,shanghai,2025-03-23,albon,7,96.254,1:31.503,1:31.595,1:31.706
2025,2,shanghai,2025-03-23,alonso,17,99.256,1:31.719,1:31.688,
2025,2,shanghai,2025-03-23,antonelli,6,96.046,1:31.676,1:31.590,1:31.103
2025,2,shanghai,2025-03-23,bearman,8,96.363,1:32.018,,
2025,2,shanghai,2025-03-23,bortoleto,14,95.874,1:32.141,,
2025,2,shanghai,2025-03-23,doohan,13,96.424,1:32.092,,
2025,2,shanghai,2025-03-23,hadjar,11,95.868,1:31.162,1:31.253,1:31.079
2025,2,shanghai,2025-03-23,hulkenberg,15,97.275,1:31.921,1:31.632,
2025,2,shanghai,2025-03-23,lawson,12,95.985,1:32.174,,
2025,2,shanghai,2025-03-23,max_verstappen,4,95.488,1:31.424,1:31.142,1:30.817
2025,2,shanghai,2025-03-23,norris,2,95.45400000000001,1:30.983,1:30.787,1:30.793
2025,2,shanghai,2025-03-23,ocon,5,95.74000000000001,1:31.876,1:31.625,
2025,2,shanghai,2025-03-23,piastri,1,95.52000000000001,1:31.591,1:31.200,1:30.641
2025,2,shanghai,2025-03-23,russell,3,95.816,1:31.295,1:31.307,1:30.723
2025,2,shanghai,2025-03-23,sainz,10,96.779,1:31.628,1:31.840,
2025,2,shanghai,2025-03-23,stroll,9,96.044,1:31.923,1:31.773,
2025,2,shanghai,2025-03-23,tsunoda,16,95.87100000000001,1:31.238,1:31.260,1:31.638
2025,3,suzuka,2025-04-06,albon,9,91.125,1:28.218,1:27.783,1:27.615
2025,3,suzuka,2025-04-06,alonso,11,91.77,1:28.337,1:27.897,
2025,3,suzuka,2025-04-06,antonelli,6,90.965,1:27.968,1:27.639,1:27.555
2025,3,suzuka,2025-04-06,bearman,10,92.006,1:28.228,1:27.711,1:27.867
2025,3,suzuka,2025-04-06,bortoleto,19,92.034,1:28.622,,
2025,3,suzuka,2025-04-06,doohan,15,92.685,1:28.877,,
2025,3,suzuka,2025-04-06,gasly,13,91.82,1:28.186,1:27.822,
2025,3,suzuka,2025-04-06,hadjar,8,91.31700000000001,1:28.278,1:27.775,1:27.569
2025,3,suzuka,2025-04-06,hamilton,7,91.406,1:27.942,1:27.610,1:27.610
2025,3,suzuka,2025-04-06,hulkenberg,16,92.572,1:28.570,,
2025,3,suzuka,2025-04-06,lawson,17,92.043,1:28.554,1:27.906,
2025,3,suzuka,2025-04-06,leclerc,4,91.469,1:27.920,1:27.555,1:27.299
2025,3,suzuka,2025-04-06,max_verstappen,1,91.041,1:27.943,1:27.502,1:26.983
2025,3,suzuka,2025-04-06,norris,2,91.116,1:27.845,1:27.146,1:26.995
2025,3,suzuka,2025-04-06,ocon,18,91.967,1:28.696,,
2025,3,suzuka,2025-04-06,piastri,3,91.039,1:27.687,1:27.507,1:27.027
2025,3,suzuka,2025-04-06,russell,5,91.357,1:27.843,1:27.400,1:27.318
2025,3,suzuka,2025-04-06,sainz,14,91.106,1:28.209,1:27.836,
2025,3,suzuka,2025-04-06,stroll,20,92.052,1:29.271,,
2025,3,suzuka,2025-04-06,tsunoda,12,91.871,1:27.967,1:28.000,
2025,4,bahrain,2025-04-13,albon,12,97.141,1:32.040,,
2025,4,bahrain,2025-04-13,alonso,15,97.906,1:31.634,1:31.886,
2025,4,bahrain,2025-04-13,antonelli,11,96.69,1:31.415,1:30.716,1:30.213
2025,4,bahrain,2025-04-13,bearman,10,97.303,1:32.373,,
2025,4,bahrain,2025-04-13,bortoleto,18,98.006,1:32.186,,
2025,4,bahrain,2025-04-13,doohan,14,96.682,1:31.414,1:31.245,
2025,4,bahrain,2025-04-13,gasly,7,96.531,1:31.462,1:30.643,1:30.216
2025,4,bahrain,2025-04-13,hadjar,13,96.952,1:31.591,1:31.271,
2025,4,bahrain,2025-04-13,hamilton,5,96.235,1:31.219,1:31.009,1:30.772
2025,4,bahrain,2025-04-13,lawson,16,97.38,1:32.165,,
2025,4,bahrain,2025-04-13,leclerc,4,96.132,1:31.454,1:30.724,1:30.175
2025,4,bahrain,2025-04-13,max_verstappen,6,96.167,1:31.303,1:31.019,1:30.423
2025,4,bahrain,2025-04-13,norris,3,95.72800000000001,1:31.107,1:30.560,1:30.267
2025,4,bahrain,2025-04-13,ocon,8,97.098,1:31.594,,
2025,4,bahrain,2025-04-13,piastri,1,95.14,1:31.392,1:30.454,1:29.841
2025,4,bahrain,2025-04-13,russell,2,95.518,1:31.494,1:30.664,1:30.009
2025,4,bahrain,2025-04-13,sainz,19,96.95400000000001,1:31.591,1:30.844,1:30.680
2025,4,bahrain,2025-04-13,stroll,17,98.064,1:32.283,,
2025,4,bahrain,2025-04-13,tsunoda,9,97.225,1:31.751,1:31.228,1:31.303
2025,5,jeddah,2025-04-20,albon,9,93.477,1:28.279,1:28.109,
2025,5,jeddah,2025-04-20,alonso,11,93.009,1:28.548,1:28.303,
2025,5,jeddah,2025-04-20,antonelli,6,92.396,1:28.128,1:27.798,1:27.866
2025,5,jeddah,2025-04-20,bearman,13,93.238,1:28.536,1:28.648,
2025,5,jeddah,2025-04-20,bortoleto,18,94.447,1:29.462,,
2025,5,jeddah,2025-04-20,doohan,17,93.15,1:28.739,,
2025,5,jeddah,2025-04-20,hadjar,10,93.257,1:28.571,1:28.418,
2025,5,jeddah,2025-04-20,hamilton,7,92.6,1:28.372,1:28.102,1:28.201
2025,5,jeddah,2025-04-20,hulkenberg,15,93.446,1:28.782,,
2025,5,jeddah,2025-04-20,lawson,12,92.998,1:28.561,1:28.191,
2025,5,jeddah,2025-04-20,leclerc,3,92.19200000000001,1:28.552,1:27.866,1:27.670
2025,5,jeddah,2025-04-20,max_verstappen,2,92.28,1:27.778,1:27.529,1:27.294
2025,5,jeddah,2025-04-20,norris,4,91.778,1:27.805,1:27.481,
2025,5,jeddah,2025-04-20,ocon,14,94.309,1:29.092,,
2025,5,jeddah,2025-04-20,piastri,1,92.22800000000001,1:27.901,1:27.545,1:27.304
2025,5,jeddah,2025-04-20,russell,5,92.893,1:28.282,1:27.599,1:27.407
2025,5,jeddah,2025-04-20,sainz,8,92.46600000000001,1:28.354,1:28.024,1:28.164
2025,5,jeddah,2025-04-20,stroll,16,92.745,1:28.645,,
2025,6,miami,2025-05-04,albon,5,90.482,1:27.042,1:26.855,1:26.682
2025,6,miami,2025-05-04,alonso,15,91.287,1:27.604,,
2025,6,miami,2025-05-04,antonelli,6,90.795,1:27.077,1:26.606,1:26.271
2025,6,miami,2025-05-04,bearman,19,92.68,1:27.999,,
2025,6,miami,2025-05-04,bortoleto,18,92.328,1:27.343,1:27.151,
2025,6,miami,2025-05-04,gasly,13,91.159,1:27.710,,
2025,6,miami,2025-05-04,hadjar,11,90.971,1:27.301,1:26.987,
2025,6,miami,2025-05-04,hamilton,8,90.562,1:27.279,1:27.006,
2025,6,miami,2025-05-04,hulkenberg,14,91.015,1:27.473,,
2025,6,miami,2025-05-04,lawson,17,91.77,1:27.444,1:27.363,
2025,6,miami,2025-05-04,leclerc,7,90.461,1:27.417,1:26.948,1:26.754
2025,6,miami,2025-05-04,max_verstappen,4,90.46600000000001,1:26.870,1:26.643,1:26.204
2025,6,miami,2025-05-04,norris,2,89.746,1:26.955,1:26.499,1:26.269
2025,6,miami,2025-05-04,ocon,12,91.122,1:27.450,1:26.967,1:26.824
2025,6,miami,2025-05-04,piastri,1,89.822,1:27.006,1:26.269,1:26.375
2025,6,miami,2025-05-04,russell,3,90.318,1:27.014,1:26.575,1:26.385
2025,6,miami,2025-05-04,sainz,9,90.703,1:27.098,1:26.847,1:26.569
2025,6,miami,2025-05-04,stroll,16,91.769,1:27.830,,
2025,6,miami,2025-05-04,tsunoda,10,90.964,1:27.298,1:26.959,1:26.943
2025,7,imola,2025-05-18,albon,5,78.289,,,
2025,7,imola,2025-05-18,alonso,11,79.894,,,
2025,7,imola,2025-05-18,antonelli,19,80.62,,,
2025,7,imola,2025-05-18,bearman,17,79.521,,,
2025,7,imola,2025-05-18,bortoleto,18,80.63,,,
2025,7,imola,2025-05-18,colapinto,16,80.345,,,
2025,7,imola,2025-05-18,gasly,13,80.398,,,
2025,7,imola,2025-05-18,hadjar,9,79.473,,,
2025,7,imola,2025-05-18,hamilton,4,78.265,,,
2025,7,imola,2025-05-18,hulkenberg,12,80.401,,,
2025,7,imola,2025-05-18,lawson,14,80.473,,,
2025,7,imola,2025-05-18,leclerc,6,79.048,,,
2025,7,imola,2025-05-18,max_verstappen,1,77.988,,,
2025,7,imola,2025-05-18,norris,2,78.311,,,
2025,7,imola,2025-05-18,ocon,20,81.413,,,
2025,7,imola,2025-05-18,piastri,3,78.894,,,
2025,7,imola,2025-05-18,russell,7,79.733,,,
2025,7,imola,2025-05-18,sainz,8,79.836,,,
2025,7,imola,2025-05-18,stroll,15,80.501,,,
2025,7,imola,2025-05-18,tsunoda,10,80.039,,,
2025,8,monaco,2025-05-25,albon,9,74.597,1:11.629,1:10.732,1:11.213
2025,8,monaco,2025-05-25,alonso,19,75.593,1:11.674,1:11.182,1:10.924
2025,8,monaco,2025-05-25,antonelli,18,73.518,1:11.880,,
2025,8,monaco,2025-05-25,bearman,12,74.855,1:11.979,,
2025,8,monaco,2025-05-25,bortoleto,14,74.884,1:11.902,,
2025,8,monaco,2025-05-25,colapinto,13,75.298,1:12.597,,
2025,8,monaco,2025-05-25,gasly,20,78.054,1:11.994,,
2025,8,monaco,2025-05-25,hadjar,6,75.981,1:11.811,1:11.040,1:10.923
2025,8,monaco,2025-05-25,hamilton,5,74.09,1:11.575,1:10.883,1:10.382
2025,8,monaco,2025-05-25,hulkenberg,16,75.223,1:11.871,1:11.596,
2025,8,monaco,2025-05-25,lawson,8,75.321,1:11.818,1:11.250,1:11.129
2025,8,monaco,2025-05-25,leclerc,2,74.055,1:11.229,1:10.581,1:10.063
2025,8,monaco,2025-05-25,max_verstappen,4,74.23,1:11.431,1:10.875,1:10.669
2025,8,monaco,2025-05-25,norris,1,73.221,1:11.285,1:10.570,1:09.954
2025,8,monaco,2025-05-25,ocon,7,75.157,1:11.839,1:11.262,1:10.942
2025,8,monaco,2025-05-25,piastri,3,73.745,1:11.308,1:10.858,1:10.129
2025,8,monaco,2025-05-25,russell,11,73.405,1:11.507,,
2025,8,monaco,2025-05-25,sainz,10,73.988,1:11.707,1:11.362,
2025,8,monaco,2025-05-25,stroll,15,74.877,1:12.563,,
2025,8,monaco,2025-05-25,tsunoda,17,74.913,1:11.800,1:11.415,
2025,9,catalunya,2025-06-01,albon,19,80.508,1:13.044,1:12.641,
2025,9,catalunya,2025-06-01,alonso,9,78.128,1:13.102,1:12.523,1:12.284
2025,9,catalunya,2025-06-01,antonelli,18,78.255,1:12.815,1:12.585,1:12.111
2025,9,catalunya,2025-06-01,bearman,17,78.907,1:13.074,1:13.315,
2025,9,catalunya,2025-06-01,bortoleto,12,78.297,1:13.045,1:12.756,
2025,9,catalunya,2025-06-01,colapinto,15,78.35300000000001,1:13.334,,
2025,9,catalunya,2025-06-01,gasly,8,77.896,1:13.081,1:12.611,1:12.199
2025,9,catalunya,2025-06-01,hadjar,7,77.77,1:13.139,1:12.461,1:12.252
2025,9,catalunya,2025-06-01,hamilton,6,77.706,1:13.058,1:12.447,1:12.045
2025,9,catalunya,2025-06-01,hulkenberg,5,77.575,1:13.190,,
2025,9,catalunya,2025-06-01,lawson,11,79.424,1:13.039,1:12.763,
2025,9,catalunya,2025-06-01,leclerc,3,77.259,1:13.014,1:12.495,1:12.131
2025,9,catalunya,2025-06-01,max_verstappen,10,77.019,1:12.798,1:12.358,1:11.848
2025,9,catalunya,2025-06-01,norris,2,76.187,1:12.799,1:12.056,1:11.755
2025,9,catalunya,2025-06-01,ocon,16,78.624,1:13.201,,
2025,9,catalunya,2025-06-01,piastri,1,75.743,1:12.551,1:11.998,1:11.546
2025,9,catalunya,2025-06-01,russell,4,77.244,1:12.806,1:12.407,1:11.848
2025,9,catalunya,2025-06-01,sainz,14,79.31700000000001,1:13.203,,
2025,9,catalunya,2025-06-01,tsunoda,13,77.998,1:13.385,,
2025,10,villeneuve,2025-06-15,albon,20,76.197,1:12.090,1:11.892,1:11.907
2025,10,villeneuve,2025-06-15,alonso,7,75.024,1:12.073,1:11.805,1:11.586
2025,10,villeneuve,2025-06-15,antonelli,3,74.455,1:12.279,1:11.974,1:11.391
2025,10,villeneuve,2025-06-15,bearman,11,75.397,1:12.306,1:12.340,
2025,10,villeneuve,2025-06-15,bortoleto,14,75.414,1:12.385,,
2025,10,villeneuve,2025-06-15,colapinto,13,76.076,1:12.234,1:12.142,
2025,10,villeneuve,2025-06-15,gasly,15,74.993,1:12.667,,
2025,10,villeneuve,2025-06-15,hadjar,16,76.292,1:12.211,1:12.003,1:11.867
2025,10,villeneuve,2025-06-15,hamilton,6,74.805,1:11.952,1:11.885,1:11.526
2025,10,villeneuve,2025-06-15,hulkenberg,8,75.372,1:12.323,1:12.183,
2025,10,villeneuve,2025-06-15,lawson,19,76.32,1:12.525,,
2025,10,villeneuve,2025-06-15,leclerc,5,74.261,1:12.038,1:11.626,1:11.682
2025,10,villeneuve,2025-06-15,max_verstappen,2,74.287,1:12.054,1:11.638,1:11.059
2025,10,villeneuve,2025-06-15,norris,18,74.229,1:11.826,1:11.599,1:11.625
2025,10,villeneuve,2025-06-15,ocon,9,74.593,1:12.378,1:12.634,
2025,10,villeneuve,2025-06-15,piastri,4,74.255,1:11.939,1:11.715,1:11.120
2025,10,villeneuve,2025-06-15,russell,1,74.119,1:12.075,1:11.570,1:10.899
2025,10,villeneuve,2025-06-15,sainz,10,74.389,1:12.398,,
2025,10,villeneuve,2025-06-15,stroll,17,74.902,1:12.517,,
2025,10,villeneuve,2025-06-15,tsunoda,12,75.358,1:12.334,1:12.102,
2025,11,red_bull_ring,2025-06-29,albon,17,70.641,,,
2025,11,red_bull_ring,2025-06-29,alonso,7,69.935,,,
2025,11,red_bull_ring,2025-06-29,bearman,11,69.96000000000001,,,
2025,11,red_bull_ring,2025-06-29,bortoleto,8,69.247,,,
2025,11,red_bull_ring,2025-06-29,colapinto,15,69.621,,,
2025,11,red_bull_ring,2025-06-29,gasly,13,70.151,,,
2025,11,red_bull_ring,2025-06-29,hadjar,12,70.20400000000001,,,
2025,11,red_bull_ring,2025-06-29,hamilton,4,68.628,,,
2025,11,red_bull_ring,2025-06-29,hulkenberg,9,69.459,,,
2025,11,red_bull_ring,2025-06-29,lawson,6,69.977,,,
2025,11,red_bull_ring,2025-06-29,leclerc,3,68.765,,,
2025,11,red_bull_ring,2025-06-29,norris,1,68.272,,,
2025,11,red_bull_ring,2025-06-29,ocon,10,69.55,,,
2025,11,red_bull_ring,2025-06-29,piastri,2,67.924,,,
2025,11,red_bull_ring,2025-06-29,russell,5,69.372,,,
2025,11,red_bull_ring,2025-06-29,stroll,14,69.214,,,
2025,11,red_bull_ring,2025-06-29,tsunoda,16,69.80199999999999,,,
2025,12,silverstone,2025-07-06,albon,8,90.047,,,
2025,12,silverstone,2025-07-06,alonso,9,90.35300000000001,1:26.108,1:25.593,1:25.621
2025,12,silverstone,2025-07-06,antonelli,16,105.576,,,
2025,12,silverstone,2025-07-06,bearman,11,90.921,,,
2025,12,silverstone,2025-07-06,bortoleto,18,136.121,,,
2025,12,silverstone,2025-07-06,gasly,6,90.751,,,
2025,12,silverstone,2025-07-06,hadjar,17,101.705,,,
2025,12,silverstone,2025-07-06,hamilton,4,90.01599999999999,,,
2025,12,silverstone,2025-07-06,hulkenberg,3,90.933,,,
2025,12,silverstone,2025-07-06,leclerc,14,90.819,,,
2025,12,silverstone,2025-07-06,max_verstappen,5,90.179,,,
2025,12,silverstone,2025-07-06,norris,1,89.73400000000001,,,
2025,12,silverstone,2025-07-06,ocon,13,90.818,,,
2025,12,silverstone,2025-07-06,piastri,2,89.337,,,
2025,12,silverstone,2025-07-06,russell,10,90.869,,,
2025,12,silverstone,2025-07-06,sainz,12,90.645,,,
2025,12,silverstone,2025-07-06,stroll,7,92.088,,,
2025,12,silverstone,2025-07-06,tsunoda,15,90.873,,,
2025,13,spa,2025-07-27,albon,6,106.813,1:41.772,1:41.505,1:41.201
2025,13,spa,2025-07-27,alonso,17,105.849,1:42.385,,
2025,13,spa,2025-07-27,antonelli,16,104.861,1:42.139,,
2025,13,spa,2025-07-27,bearman,11,106.709,1:41.617,1:41.617,
2025,13,spa,2025-07-27,bortoleto,9,106.96600000000001,1:41.908,1:41.336,1:42.387
2025,13,spa,2025-07-27,colapinto,19,106.104,1:42.022,,
2025,13,spa,2025-07-27,gasly,10,107.177,1:41.800,1:41.633,
2025,13,spa,2025-07-27,hadjar,20,107.667,1:41.572,1:41.281,1:41.310
2025,13,spa,2025-07-27,hamilton,7,106.534,1:41.939,,
2025,13,spa,2025-07-27,hulkenberg,12,105.068,1:41.844,1:41.707,
2025,13,spa,2025-07-27,lawson,8,106.649,1:41.748,1:41.297,1:41.328
2025,13,spa,2025-07-27,leclerc,3,106.174,1:41.635,1:41.084,1:40.900
2025,13,spa,2025-07-27,max_verstappen,4,106.096,1:41.334,1:40.951,1:40.903
2025,13,spa,2025-07-27,norris,2,105.257,1:41.010,1:40.715,1:40.562
2025,13,spa,2025-07-27,ocon,15,106.744,1:41.884,1:41.525,
2025,13,spa,2025-07-27,piastri,1,105.706,1:41.201,1:40.626,1:40.647
2025,13,spa,2025-07-27,russell,5,106.566,1:41.784,1:41.254,1:41.260
2025,13,spa,2025-07-27,sainz,18,106.07300000000001,1:41.691,1:41.758,
2025,13,spa,2025-07-27,stroll,14,107.212,1:42.502,,
2025,13,spa,2025-07-27,tsunoda,13,107.241,1:41.840,1:41.245,1:41.284
2025,14,hungaroring,2025-08-03,albon,15,80.779,1:16.223,,
2025,14,hungaroring,2025-08-03,alonso,5,80.113,1:15.281,1:15.395,1:15.481
2025,14,hungaroring,2025-08-03,antonelli,10,80.745,1:15.782,1:16.386,
2025,14,hungaroring,2025-08-03,bearman,20,81.989,1:15.750,1:15.694,
2025,14,hungaroring,2025-08-03,bortoleto,6,80.705,1:15.586,1:15.687,1:15.725
2025,14,hungaroring,2025-08-03,colapinto,18,80.827,1:15.875,1:16.159,
2025,14,hungaroring,2025-08-03,gasly,19,81.43299999999999,1:15.966,,
2025,14,hungaroring,2025-08-03,hadjar,11,80.80199999999999,1:15.516,1:15.469,1:15.915
2025,14,hungaroring,2025-08-03,hamilton,12,80.02199999999999,1:15.733,1:15.702,
2025,14,hungaroring,2025-08-03,hulkenberg,13,80.013,1:16.081,,
2025,14,hungaroring,2025-08-03,lawson,8,80.457,1:15.849,1:15.630,1:15.821
2025,14,hungaroring,2025-08-03,leclerc,4,80.44,1:15.582,1:15.455,1:15.372
2025,14,hungaroring,2025-08-03,max_verstappen,9,79.576,1:15.736,1:15.547,1:15.728
2025,14,hungaroring,2025-08-03,norris,1,79.918,1:15.523,1:14.890,1:15.413
2025,14,hungaroring,2025-08-03,ocon,16,81.916,1:16.023,,
2025,14,hungaroring,2025-08-03,piastri,2,79.412,1:15.211,1:14.941,1:15.398
2025,14,hungaroring,2025-08-03,russell,3,79.40899999999999,1:15.627,1:15.201,1:15.425
2025,14,hungaroring,2025-08-03,sainz,14,79.78999999999999,1:15.652,1:15.781,
2025,14,hungaroring,2025-08-03,stroll,7,80.708,1:15.673,1:15.129,1:15.498
2025,14,hungaroring,2025-08-03,tsunoda,17,81.18,1:15.899,,
